nhon2,2024-07-25,DN,hehe,Nhon
event1,2021-01-01,location1,description1,creator1
event1,2021-01-01,location1,description1,creator1
event1,2021-01-01,location1,description1,creator1
event2,2021-01-02,location2,description2,creator2
event2,2021-01-02,location2,description2,creator2
event2,2021-01-02,location2,description2,creator2
event3,2021-01-02,location2,description2,creator2
event3,2021-01-02,location2,description2,creator2
event4,2021-01-02,location2,description2,creator2
event4,2021-01-02,location2,description2,creator2
event4,2021-01-02,location2,description2,creator2
event4,2021-01-02,location2,description2,creator2
event4,2021-01-02,location2,description2,creator2
event4,2021-01-02,location2,description2,creator2
event4,2021-01-02,location2,description2,creator2
